Dataset;k;accuracy;weights
bupa;5;75.6286;[0.469333, 0.229805, 0.0338831, 0, 0.047442, 0, 0.219538]
sonar;5;87.4603;[0.249335, 0, 0.130371, 0, 0.250367, 0, 0.369927]
ionosphere;5;91.4722;[0, 0, 0.0984456, 0, 0, 0.0348769, 0.866678]
ThoraricSurgery;5;85.1064;[0, 0.929476, 0, 0, 0, 0, 0.0705243]
vehicle;5;79.1043;[0, 0, 0.342266, 0, 0, 0, 0.657734]
pima;5;80.2137;[0.260746, 0.0895891, 0.223063, 0.0577042, 0, 0, 0.368898]
wdbc;5;95.9493;[0.120153, 0, 0.111338, 0, 0.224161, 0.00215351, 0.542195]
biodegradation;5;88.0576;[0.192217, 0, 0.0217756, 0.0489955, 0.0559, 0, 0.681112]
seismic-bumps;5;93.4207;[0.107838, 0, 0.092361, 0, 0, 0.491904, 0.307896]
